Ref,Val,Package,PosX,PosY,Rot,Side
"A1","Raspberry Pi Pico 2 W","RaspberryPi_Pico_Common_THT",7.800000,-134.000000,90.000000,top
"C1","100n","C_Disc_D5.0mm_W2.5mm_P2.50mm",34.000000,-42.500000,0.000000,top
"C2","100n","C_Disc_D5.0mm_W2.5mm_P2.50mm",28.000000,-22.000000,0.000000,top
"C3","100n","C_Disc_D5.0mm_W2.5mm_P2.50mm",105.000000,-30.000000,0.000000,top
"C4","100n","C_Disc_D5.0mm_W2.5mm_P2.50mm",58.000000,-59.000000,0.000000,top
"C5","100n","C_Disc_D5.0mm_W2.5mm_P2.50mm",155.000000,-55.000000,90.000000,top
"C6","100n","C_Disc_D5.0mm_W2.5mm_P2.50mm",71.000000,-43.000000,0.000000,top
"C7","100n","C_Disc_D5.0mm_W2.5mm_P2.50mm",115.200000,-55.000000,90.000000,top
"C8","100n","C_Disc_D5.0mm_W2.5mm_P2.50mm",134.200000,-55.000000,90.000000,top
"C9","22u","CP_Radial_D8.0mm_P3.50mm",32.000000,-61.000000,0.000000,top
"C10","22u","CP_Radial_D8.0mm_P3.50mm",96.000000,-82.000000,0.000000,top
"C11","22u","CP_Radial_D8.0mm_P3.50mm",158.000000,-82.000000,0.000000,top
"C12","100u","CP_Radial_D10.0mm_P5.00mm",27.000000,-12.000000,0.000000,top
"D1","1N5819","D_DO-41_SOD81_P10.16mm_Horizontal",15.000000,-105.000000,0.000000,top
"J1","REGULATED 5V INPUT","Altech_AK100_1x02_P5.00mm",16.000000,-13.000000,0.000000,top
"Q1","2N3904 MCP RESET","TO-92_Inline",86.000000,-62.000000,0.000000,top
"R1","10k","R_Axial_DIN0207_L6.3mm_D2.5mm_P10.16mm_Horizontal",8.000000,-90.000000,90.000000,top
"R2","10k","R_Axial_DIN0207_L6.3mm_D2.5mm_P10.16mm_Horizontal",13.600000,-90.000000,90.000000,top
"R3","10k","R_Axial_DIN0207_L6.3mm_D2.5mm_P10.16mm_Horizontal",19.200000,-90.000000,90.000000,top
"R4","10k","R_Axial_DIN0207_L6.3mm_D2.5mm_P10.16mm_Horizontal",24.800000,-90.000000,90.000000,top
"R5","10k","R_Axial_DIN0207_L6.3mm_D2.5mm_P10.16mm_Horizontal",30.400000,-90.000000,90.000000,top
"R6","10k","R_Axial_DIN0207_L6.3mm_D2.5mm_P10.16mm_Horizontal",36.000000,-90.000000,90.000000,top
"R7","10k","R_Axial_DIN0207_L6.3mm_D2.5mm_P10.16mm_Horizontal",41.600000,-90.000000,90.000000,top
"R8","10k","R_Axial_DIN0207_L6.3mm_D2.5mm_P10.16mm_Horizontal",47.200000,-90.000000,90.000000,top
"R9","10k","R_Axial_DIN0207_L6.3mm_D2.5mm_P10.16mm_Horizontal",52.800000,-90.000000,90.000000,top
"R10","10k","R_Axial_DIN0207_L6.3mm_D2.5mm_P10.16mm_Horizontal",58.400000,-90.000000,90.000000,top
"R11","10k","R_Axial_DIN0207_L6.3mm_D2.5mm_P10.16mm_Horizontal",64.000000,-90.000000,90.000000,top
"R12","10k","R_Axial_DIN0207_L6.3mm_D2.5mm_P10.16mm_Horizontal",69.600000,-90.000000,90.000000,top
"R13","10k","R_Axial_DIN0207_L6.3mm_D2.5mm_P10.16mm_Horizontal",75.200000,-90.000000,90.000000,top
"R14","10k","R_Axial_DIN0207_L6.3mm_D2.5mm_P10.16mm_Horizontal",80.800000,-90.000000,90.000000,top
"R15","10k","R_Axial_DIN0207_L6.3mm_D2.5mm_P10.16mm_Horizontal",86.400000,-90.000000,90.000000,top
"R16","10k","R_Axial_DIN0207_L6.3mm_D2.5mm_P10.16mm_Horizontal",92.000000,-90.000000,90.000000,top
"R17","10k","R_Axial_DIN0207_L6.3mm_D2.5mm_P10.16mm_Horizontal",105.000000,-94.000000,90.000000,top
"R18","10k","R_Axial_DIN0207_L6.3mm_D2.5mm_P10.16mm_Horizontal",114.000000,-94.000000,90.000000,top
"R19","10k","R_Axial_DIN0207_L6.3mm_D2.5mm_P10.16mm_Horizontal",123.000000,-94.000000,90.000000,top
"R20","10k","R_Axial_DIN0207_L6.3mm_D2.5mm_P10.16mm_Horizontal",132.000000,-94.000000,90.000000,top
"R21","10k","R_Axial_DIN0207_L6.3mm_D2.5mm_P10.16mm_Horizontal",141.000000,-94.000000,90.000000,top
"R22","10k","R_Axial_DIN0207_L6.3mm_D2.5mm_P10.16mm_Horizontal",60.000000,-105.000000,90.000000,top
"R23","10k","R_Axial_DIN0207_L6.3mm_D2.5mm_P10.16mm_Horizontal",110.000000,-115.000000,90.000000,top
"R24","10k","R_Axial_DIN0207_L6.3mm_D2.5mm_P10.16mm_Horizontal",68.000000,-105.000000,90.000000,top
"R25","10k","R_Axial_DIN0207_L6.3mm_D2.5mm_P10.16mm_Horizontal",76.000000,-105.000000,90.000000,top
"R26","10k","R_Axial_DIN0207_L6.3mm_D2.5mm_P10.16mm_Horizontal",84.000000,-105.000000,90.000000,top
"R27","10k","R_Axial_DIN0207_L6.3mm_D2.5mm_P10.16mm_Horizontal",142.000000,-115.000000,90.000000,top
"R28","10k","R_Axial_DIN0207_L6.3mm_D2.5mm_P10.16mm_Horizontal",150.000000,-115.000000,90.000000,top
"R29","4.7k","R_Axial_DIN0207_L6.3mm_D2.5mm_P10.16mm_Horizontal",110.000000,-135.000000,90.000000,top
"R30","47k","R_Axial_DIN0207_L6.3mm_D2.5mm_P10.16mm_Horizontal",118.000000,-135.000000,90.000000,top
"R31","10k","R_Axial_DIN0207_L6.3mm_D2.5mm_P10.16mm_Horizontal",126.000000,-135.000000,90.000000,top
"RN1","8x10k bussed","R_Array_SIP9",8.000000,-67.000000,0.000000,top
"RN2","8x10k bussed","R_Array_SIP9",34.000000,-72.000000,0.000000,top
"RN3","8x10k bussed","R_Array_SIP9",82.000000,-137.000000,0.000000,top
"TP1","M1# TEST","TestPoint_Loop_D2.60mm_Drill0.9mm_Beaded",43.000000,-10.000000,0.000000,top
"TP2","CLK TEST","TestPoint_Loop_D2.60mm_Drill0.9mm_Beaded",85.000000,-68.000000,0.000000,top
"TP3","RESET# TEST","TestPoint_Loop_D2.60mm_Drill0.9mm_Beaded",50.000000,-10.000000,0.000000,top
"TP4","WAIT# TEST","TestPoint_Loop_D2.60mm_Drill0.9mm_Beaded",74.000000,-10.000000,0.000000,top
"TP5","BUSREQ# TEST","TestPoint_Loop_D2.60mm_Drill0.9mm_Beaded",81.000000,-10.000000,0.000000,top
"TP6","BUSACK# TEST","TestPoint_Loop_D2.60mm_Drill0.9mm_Beaded",88.000000,-10.000000,0.000000,top
"TP7","GND TEST","TestPoint_Loop_D2.60mm_Drill0.9mm_Beaded",95.000000,-10.000000,0.000000,top
"U1","Z84C0020PEC","DIP-40_W15.24mm",40.000000,-17.000000,0.000000,top
"U2","AS6C1008-55PCN","DIP-32_W15.24mm",10.000000,-22.000000,0.000000,top
"U3","ATF22V10B/C","DIP-24_W7.62mm",94.000000,-22.000000,0.000000,top
"U4","SN74AHCT244N","DIP-20_W7.62mm",58.000000,-70.000000,90.000000,top
"U7","SN74LVC244AN","DIP-20_W7.62mm",143.000000,-55.000000,0.000000,top
"U8","MCP23S17-E/SP","DIP-28_W7.62mm",78.000000,-22.000000,0.000000,top
"U9","SN74AHCT245N Pico-to-bus","DIP-20_W7.62mm",105.000000,-55.000000,0.000000,top
"U10","SN74LVC245AN bus-to-Pico","DIP-20_W7.62mm",124.000000,-55.000000,0.000000,top
